onset	duration	sample	trial_type	response_time	stim_file	value	correct
11.1550000000	n/a	11155	EyesClose1	0	n/a	n/a	0
90.7120000000	n/a	90712	EyesOpen1	0	n/a	n/a	0
167.8290000000	n/a	167829	EyesClose2	0	n/a	n/a	0
245.3620000000	n/a	245362	EyesOpen2	0	n/a	n/a	0
322.5010000000	n/a	322501	EndOfRest	0	n/a	n/a	0
