onset	duration	sample	trial_type	response_time	stim_file	value	correct
16.7300000000	n/a	16730	EyesClose1	0	n/a	n/a	0
96.2970000000	n/a	96297	EyesOpen1	0	n/a	n/a	0
173.4130000000	n/a	173413	EyesClose2	0	n/a	n/a	0
250.9470000000	n/a	250947	EyesOpen2	0	n/a	n/a	0
328.0920000000	n/a	328092	EndOfRest	0	n/a	n/a	0
