onset	duration	sample	trial_type	response_time	stim_file	value	correct
10.7700000000	n/a	10770	EyesClose1	0	n/a	n/a	0
90.3290000000	n/a	90329	EyesOpen1	0	n/a	n/a	0
167.4460000000	n/a	167446	EyesClose2	0	n/a	n/a	0
244.9790000000	n/a	244979	EyesOpen2	0	n/a	n/a	0
322.1160000000	n/a	322116	EndOfRest	0	n/a	n/a	0
