onset	duration	sample	trial_type	response_time	stim_file	value	correct
13.3830000000	n/a	13383	EyesClose1	0	n/a	n/a	0
92.9490000000	n/a	92949	EyesOpen1	0	n/a	n/a	0
170.0660000000	n/a	170066	EyesClose2	0	n/a	n/a	0
247.5990000000	n/a	247599	EyesOpen2	0	n/a	n/a	0
324.7440000000	n/a	324744	EndOfRest	0	n/a	n/a	0
