onset	duration	sample	trial_type	response_time	stim_file	value	correct
13.9960000000	n/a	13996	EyesClose1	0	n/a	n/a	0
93.5590000000	n/a	93559	EyesOpen1	0	n/a	n/a	0
170.6750000000	n/a	170675	EyesClose2	0	n/a	n/a	0
248.2090000000	n/a	248209	EyesOpen2	0	n/a	n/a	0
325.3420000000	n/a	325342	EndOfRest	0	n/a	n/a	0
