onset	duration	sample	trial_type	response_time	stim_file	value	correct
10.0690000000	n/a	10069	EyesClose1	0	n/a	n/a	0
89.6220000000	n/a	89622	EyesOpen1	0	n/a	n/a	0
166.7380000000	n/a	166738	EyesClose2	0	n/a	n/a	0
244.2720000000	n/a	244272	EyesOpen2	0	n/a	n/a	0
321.4150000000	n/a	321415	EndOfRest	0	n/a	n/a	0
