onset	duration	sample	trial_type	response_time	stim_file	value	correct
12.0900000000	n/a	12090	EyesClose1	0	n/a	n/a	0
91.6540000000	n/a	91654	EyesOpen1	0	n/a	n/a	0
168.7700000000	n/a	168770	EyesClose2	0	n/a	n/a	0
246.3040000000	n/a	246304	EyesOpen2	0	n/a	n/a	0
323.4370000000	n/a	323437	EndOfRest	0	n/a	n/a	0
