onset	duration	sample	trial_type	response_time	stim_file	value	correct
11.9480000000	n/a	11948	EyesClose1	0	n/a	n/a	0
91.5090000000	n/a	91509	EyesOpen1	0	n/a	n/a	0
168.6260000000	n/a	168626	EyesClose2	0	n/a	n/a	0
246.1590000000	n/a	246159	EyesOpen2	0	n/a	n/a	0
323.2930000000	n/a	323293	EndOfRest	0	n/a	n/a	0
