onset	duration	sample	trial_type	response_time	stim_file	value	correct
14.7140000000	n/a	14714	EyesClose1	0	n/a	n/a	0
94.2700000000	n/a	94270	EyesOpen1	0	n/a	n/a	0
171.3870000000	n/a	171387	EyesClose2	0	n/a	n/a	0
248.9200000000	n/a	248920	EyesOpen2	0	n/a	n/a	0
326.0600000000	n/a	326060	EndOfRest	0	n/a	n/a	0
