onset	duration	sample	trial_type	response_time	stim_file	value	correct
12.3420000000	n/a	12342	EyesClose1	0	n/a	n/a	0
91.8980000000	n/a	91898	EyesOpen1	0	n/a	n/a	0
169.0140000000	n/a	169014	EyesClose2	0	n/a	n/a	0
246.5480000000	n/a	246548	EyesOpen2	0	n/a	n/a	0
323.6870000000	n/a	323687	EndOfRest	0	n/a	n/a	0
