onset	duration	sample	trial_type	response_time	stim_file	value	correct
15.1100000000	n/a	15110	EyesClose1	0	n/a	n/a	0
94.6770000000	n/a	94677	EyesOpen1	0	n/a	n/a	0
171.7940000000	n/a	171794	EyesClose2	0	n/a	n/a	0
249.3270000000	n/a	249327	EyesOpen2	0	n/a	n/a	0
326.4720000000	n/a	326472	EndOfRest	0	n/a	n/a	0
